               epoch,      train/box_loss,      train/obj_loss,      train/cls_loss,   metrics/precision,      metrics/recall,     metrics/mAP_0.5,metrics/mAP_0.5:0.95,        val/box_loss,        val/obj_loss,        val/cls_loss,               x/lr0,               x/lr1,               x/lr2
                   0,             0.11776,            0.029825,            0.031789,           0.0034252,             0.18571,            0.012913,           0.0036113,            0.083612,            0.024098,            0.021231,              0.0964,              0.0004,              0.0004
                   1,            0.095236,            0.029011,            0.024077,           0.0033228,             0.23571,            0.056906,           0.0065864,            0.079192,            0.022937,            0.019405,            0.091885,          0.00088515,          0.00088515
                   2,            0.098479,            0.028805,            0.024495,           0.0046878,             0.30714,            0.024264,           0.0058759,            0.061978,            0.021438,            0.017639,            0.087354,           0.0013538,           0.0013538
                   3,            0.083659,            0.027665,            0.021793,           0.0042912,             0.40714,            0.052552,            0.010739,            0.051589,            0.020922,            0.016995,            0.082806,           0.0018059,           0.0018059
                   4,            0.094846,            0.030001,            0.024133,           0.0042385,             0.40714,             0.05388,            0.017449,            0.048073,            0.019814,            0.016355,            0.078242,           0.0022416,           0.0022416
                   5,            0.074319,            0.028634,            0.021078,           0.0044455,             0.51429,            0.073534,            0.030602,            0.046123,            0.019026,            0.015253,            0.073661,           0.0026608,           0.0026608
                   6,            0.074189,            0.029026,            0.021539,             0.15775,             0.40714,             0.19091,            0.057812,            0.043058,            0.017433,             0.01267,            0.069063,           0.0030634,           0.0030634
                   7,            0.064549,            0.027876,            0.014671,             0.23345,             0.72143,             0.43067,             0.13198,            0.041001,            0.016079,            0.010989,             0.06445,           0.0034496,           0.0034496
                   8,            0.055125,            0.024079,            0.014323,             0.57884,             0.45714,              0.5694,             0.19177,            0.042842,            0.014658,            0.009491,            0.059819,           0.0038192,           0.0038192
                   9,            0.062728,            0.027274,            0.015452,              0.4477,             0.44883,             0.48954,             0.22245,            0.034867,            0.014526,           0.0082214,            0.055172,           0.0041724,           0.0041724
                  10,            0.056851,            0.022741,             0.01053,             0.32121,             0.62965,             0.48227,             0.19451,            0.033656,            0.013438,           0.0070679,            0.050509,            0.004509,            0.004509
                  11,             0.05813,            0.021047,            0.011399,              0.4613,             0.59286,             0.63085,             0.25899,            0.035599,            0.012346,           0.0054532,            0.045829,           0.0048291,           0.0048291
                   0,              0.1247,            0.018397,             0.03341,           0.0028438,             0.72143,             0.01936,           0.0066929,            0.082692,            0.012361,            0.018011,              0.0928,              0.0008,              0.0008
                   1,             0.11094,            0.018409,            0.029716,            0.015972,             0.55714,            0.044909,            0.011501,            0.069673,             0.01376,            0.017335,            0.084672,            0.001672,            0.001672
                   2,            0.097828,             0.02175,            0.026104,           0.0041123,                   1,            0.074924,             0.03523,            0.058409,            0.014711,            0.016645,            0.076514,           0.0025142,           0.0025142
                   3,            0.087572,            0.022673,            0.024512,            0.057359,             0.87857,             0.19005,            0.070096,            0.049111,            0.015263,            0.015473,            0.068327,           0.0033267,           0.0033267
                   4,            0.080842,            0.024132,            0.022568,              0.2844,             0.26429,             0.25843,             0.11728,            0.047898,            0.014275,            0.014333,             0.06011,           0.0041096,           0.0041096
                   5,               0.076,            0.023524,            0.018132,             0.17505,              0.1088,             0.27445,            0.078007,             0.04802,            0.014278,            0.013868,            0.051863,           0.0048628,           0.0048628
                   6,            0.071387,            0.023875,            0.018659,             0.38022,             0.49286,             0.46261,             0.16811,            0.042021,              0.0129,            0.012231,            0.043586,           0.0055862,           0.0055862
                   7,            0.070607,            0.024347,            0.013963,             0.39615,             0.61718,             0.43631,             0.12037,            0.042309,            0.012062,            0.011008,             0.03528,             0.00628,             0.00628
                   8,            0.061887,            0.022249,            0.014549,             0.35745,             0.54286,             0.41284,             0.14706,            0.039934,            0.012286,            0.010133,            0.026944,            0.006944,            0.006944
                   9,            0.066419,            0.023256,            0.015417,             0.39354,             0.62444,             0.51347,             0.17077,            0.044876,            0.010868,           0.0089949,            0.018578,           0.0075783,           0.0075783
                  10,            0.059314,            0.020462,            0.015057,             0.19912,             0.66429,             0.21946,            0.077567,            0.047706,            0.010525,           0.0074813,            0.010183,            0.008183,            0.008183
                  11,            0.068382,            0.019648,            0.013394,             0.19513,             0.67117,             0.33095,             0.10955,            0.051394,           0.0093839,           0.0067732,            0.008185,            0.008185,            0.008185
                  12,            0.067873,            0.018107,             0.01463,             0.20987,             0.57857,             0.22254,            0.095762,            0.045599,           0.0097967,           0.0068904,            0.008185,            0.008185,            0.008185
                  13,            0.068055,            0.020367,             0.01246,             0.47821,             0.51232,             0.50191,             0.23563,            0.044547,           0.0096165,           0.0060125,             0.00802,             0.00802,             0.00802
                  14,            0.062555,            0.019403,            0.010703,             0.26882,             0.71429,             0.49136,              0.1517,            0.042807,           0.0093429,           0.0064276,            0.007855,            0.007855,            0.007855
                  15,            0.061243,            0.020386,           0.0090287,             0.42852,             0.49286,              0.5182,             0.19523,            0.040363,           0.0087852,           0.0041217,             0.00769,             0.00769,             0.00769
                  16,            0.053216,            0.021569,           0.0092619,             0.50604,             0.49286,             0.61993,             0.36255,            0.036016,           0.0086156,           0.0039496,            0.007525,            0.007525,            0.007525
                  17,            0.056116,            0.021276,           0.0089538,             0.58909,             0.48058,             0.57198,             0.26416,            0.034089,           0.0086613,           0.0036436,             0.00736,             0.00736,             0.00736
                  18,            0.054666,            0.021754,           0.0091698,             0.48918,             0.63444,             0.55195,             0.23518,            0.039855,           0.0077303,           0.0029624,            0.007195,            0.007195,            0.007195
                  19,             0.05735,            0.021196,            0.007378,             0.35191,             0.73571,             0.55379,             0.26651,            0.035585,           0.0077026,           0.0024474,             0.00703,             0.00703,             0.00703
                  20,            0.056256,            0.019521,           0.0084031,             0.37697,             0.74832,             0.50581,             0.23393,            0.038246,           0.0074234,           0.0022805,            0.006865,            0.006865,            0.006865
                  21,            0.056789,             0.01827,           0.0055279,             0.45814,                 0.7,              0.6236,             0.27344,            0.032001,             0.00726,           0.0023799,              0.0067,              0.0067,              0.0067
                  22,            0.053684,            0.017883,           0.0075982,             0.38818,             0.78571,             0.50444,             0.31387,            0.035139,           0.0070447,           0.0025112,            0.006535,            0.006535,            0.006535
                  23,            0.051073,             0.01735,           0.0069641,             0.41345,             0.74158,             0.44917,             0.19284,            0.032763,           0.0070933,           0.0030007,             0.00637,             0.00637,             0.00637
                  24,             0.04899,            0.018592,           0.0077708,             0.42836,              0.7668,             0.54237,             0.28204,            0.029256,           0.0071988,           0.0031303,            0.006205,            0.006205,            0.006205
                  25,            0.050346,            0.017184,           0.0067142,             0.95483,             0.62702,             0.80608,             0.38693,            0.028847,           0.0069245,           0.0031214,             0.00604,             0.00604,             0.00604
                  26,            0.046586,             0.02048,           0.0072516,             0.53905,             0.64286,             0.45239,             0.30344,            0.035426,            0.006962,           0.0039537,            0.005875,            0.005875,            0.005875
                  27,            0.056378,            0.018656,           0.0053416,             0.52449,             0.69029,             0.54602,              0.2406,            0.033102,           0.0067704,            0.004466,             0.00571,             0.00571,             0.00571
                  28,            0.043953,            0.016264,           0.0050661,             0.49734,             0.84217,             0.67549,             0.37064,             0.02764,           0.0070148,           0.0057003,            0.005545,            0.005545,            0.005545
                  29,            0.044513,            0.016208,            0.005147,             0.73014,             0.67857,             0.76244,             0.41982,            0.029979,           0.0067634,           0.0051532,             0.00538,             0.00538,             0.00538
                  30,            0.044994,            0.015152,           0.0036192,             0.73091,             0.66717,             0.70994,             0.36735,            0.030356,           0.0066413,           0.0048391,            0.005215,            0.005215,            0.005215
                  31,            0.046574,             0.01549,           0.0042253,             0.53812,             0.89286,             0.74686,              0.3655,            0.029866,           0.0066605,           0.0051603,             0.00505,             0.00505,             0.00505
                  32,            0.042587,            0.016186,           0.0038992,             0.59666,             0.89286,              0.7838,             0.45289,            0.028159,           0.0066289,            0.005173,            0.004885,            0.004885,            0.004885
                  33,            0.039449,            0.016993,           0.0033375,             0.76165,             0.84733,             0.91776,             0.60473,            0.025103,           0.0066551,           0.0051212,             0.00472,             0.00472,             0.00472
                  34,            0.038582,            0.015873,           0.0031867,             0.65854,             0.72664,             0.69304,             0.33424,            0.031868,           0.0064747,           0.0043608,            0.004555,            0.004555,            0.004555
                  35,            0.046279,            0.015715,           0.0027683,             0.72016,             0.87992,             0.87854,             0.53157,            0.028049,           0.0063491,           0.0040643,             0.00439,             0.00439,             0.00439
                  36,            0.038191,            0.015247,           0.0026926,             0.57764,             0.91258,             0.77654,             0.42073,            0.028967,           0.0064123,           0.0039877,            0.004225,            0.004225,            0.004225
                  37,            0.039182,            0.014854,           0.0030715,             0.75452,                0.75,              0.8022,               0.497,            0.027969,           0.0061457,           0.0031284,             0.00406,             0.00406,             0.00406
                  38,            0.044417,            0.014035,           0.0047416,             0.72944,             0.89286,             0.90444,             0.55433,            0.026539,           0.0061929,           0.0028913,            0.003895,            0.003895,            0.003895
                  39,            0.038313,            0.013592,           0.0036979,             0.86836,             0.89286,             0.91607,             0.61501,            0.026264,           0.0060388,           0.0025409,             0.00373,             0.00373,             0.00373
                  40,            0.035864,            0.014511,           0.0022527,             0.81737,             0.89286,             0.89676,             0.63819,            0.024761,           0.0059754,           0.0028639,            0.003565,            0.003565,            0.003565
                  41,            0.034051,            0.016476,           0.0039471,             0.81557,             0.89286,             0.89857,             0.64347,            0.023467,            0.006038,           0.0028425,              0.0034,              0.0034,              0.0034
                  42,            0.035288,            0.013992,           0.0024504,             0.84445,             0.89286,             0.88123,             0.54385,             0.02982,           0.0058233,           0.0026843,            0.003235,            0.003235,            0.003235
                  43,            0.036399,            0.014753,           0.0031268,             0.83466,             0.89286,             0.88201,             0.56213,            0.024514,           0.0060342,            0.002798,             0.00307,             0.00307,             0.00307
                  44,            0.034571,            0.014701,           0.0021892,             0.82244,             0.88545,                 0.9,             0.60193,             0.02377,           0.0061981,             0.00269,            0.002905,            0.002905,            0.002905
                  45,             0.03599,            0.013224,           0.0025546,              0.8428,             0.89286,             0.90083,              0.6462,            0.022329,           0.0062482,           0.0023475,             0.00274,             0.00274,             0.00274
                  46,            0.035875,            0.015238,           0.0031571,             0.86133,             0.89286,             0.89847,             0.57989,            0.023122,           0.0061655,           0.0022389,            0.002575,            0.002575,            0.002575
                  47,            0.034102,            0.014295,           0.0021919,              0.8497,             0.89286,             0.89916,              0.5832,             0.02395,           0.0062006,           0.0022839,             0.00241,             0.00241,             0.00241
                  48,             0.03362,            0.014763,           0.0025406,             0.84798,             0.89048,             0.89529,             0.62881,            0.023635,           0.0061084,           0.0023896,            0.002245,            0.002245,            0.002245
                  49,            0.032705,            0.013821,           0.0026745,             0.82141,             0.88103,             0.89759,             0.61139,            0.024436,           0.0061093,           0.0026051,             0.00208,             0.00208,             0.00208
                  50,            0.030527,            0.014959,           0.0021766,             0.81671,             0.87988,             0.88881,              0.6176,            0.024062,           0.0061764,           0.0021357,            0.001915,            0.001915,            0.001915
                  51,            0.030887,            0.015526,           0.0019281,             0.84567,             0.87532,             0.89533,             0.59767,            0.024542,           0.0060974,           0.0023308,             0.00175,             0.00175,             0.00175
                  52,            0.032531,            0.014445,           0.0017136,             0.84496,             0.86713,             0.88935,             0.62889,            0.023178,           0.0061735,           0.0022412,            0.001585,            0.001585,            0.001585
                  53,            0.028649,            0.014113,            0.002204,             0.84379,             0.86695,             0.89381,             0.59401,            0.023705,           0.0061757,           0.0022433,             0.00142,             0.00142,             0.00142
                  54,            0.031151,             0.01527,           0.0018388,             0.84119,             0.85769,             0.89756,             0.63548,            0.023435,           0.0062004,           0.0023595,            0.001255,            0.001255,            0.001255
                  55,            0.029894,            0.013375,           0.0014832,             0.84224,             0.85703,              0.8981,             0.63473,             0.02316,           0.0061651,           0.0024341,             0.00109,             0.00109,             0.00109
                  56,            0.031493,            0.013663,           0.0019837,             0.84106,             0.86612,             0.90287,             0.64968,            0.022614,           0.0062306,           0.0025282,            0.000925,            0.000925,            0.000925
                  57,            0.031288,            0.014319,           0.0019041,             0.84322,             0.87092,             0.90345,             0.62961,             0.02253,            0.006291,           0.0024172,             0.00076,             0.00076,             0.00076
                  58,            0.027445,            0.013287,           0.0017083,             0.84772,             0.87162,             0.90622,             0.63396,             0.02225,           0.0062634,           0.0021743,            0.000595,            0.000595,            0.000595
                  59,            0.029173,            0.013744,           0.0018298,             0.84903,             0.87093,             0.90703,             0.64368,            0.021639,           0.0062523,           0.0020689,             0.00043,             0.00043,             0.00043
